Comment,Designator,Footprint,LCSC,Quantity
0.1µF,"C12,C13,C2,C31,C34,C36,C37,C38,C41,C5,C8",C_0603_1608Metric_Pad1.08x0.95mm_HandSolder,C125205,11
100K_1%,R28,RES_R0603_ROM-L,C25803,1
100k,"R1,R26,R30,R32",RES_R0603_ROM-L,C25803,4
10k,"R29,R35",R_0603_1608Metric_Pad0.98x0.95mm_HandSolder,C23192,2
120,R38,R_0603_1608Metric_Pad0.98x0.95mm_HandSolder,C14709,1
150k,R31,R_0805_2012Metric_Pad1.20x1.40mm_HandSolder,C17470,1
19.1K_0.1%,R27,R_0603_1608Metric_Pad0.98x0.95mm_HandSolder,C22897,1
1K,"R14,R15,R16,R17,R18,R19,R20,R21,R22,R23",R_0603_1608Metric_Pad0.98x0.95mm_HandSolder,C21190,10
1k,"R33,R34,R37,R40",R_0603_1608Metric_Pad0.98x0.95mm_HandSolder,C21190,4
1µF,"C10,C11,C40",C_0603_1608Metric_Pad1.08x0.95mm_HandSolder,C15849,3
2.2µF,"C44,C45",C_0603_1608Metric_Pad1.08x0.95mm_HandSolder,C86017,2
200k,R39,R_0805_2012Metric_Pad1.20x1.40mm_HandSolder,C17539,1
22µF,"C1,C6,C7,C9",C_1206_3216Metric_Pad1.33x1.80mm_HandSolder,C12891,4
33,"R2,R3",R_0603_1608Metric_Pad0.98x0.95mm_HandSolder,C23140,2
330,"R10,R11,R12,R13,R5,R6,R7,R8,R9",R_0603_1608Metric_Pad0.98x0.95mm_HandSolder,C23138,9
4.7µF,C35,C_0603_1608Metric_Pad1.08x0.95mm_HandSolder,C69335,1
5.1pF,"C42,C43",C_0603_1608Metric_Pad1.08x0.95mm_HandSolder,C6955114,2
6.8pF,"C28,C30",C_0603_1608Metric_Pad1.08x0.95mm_HandSolder,C1679,2
BD33IC0WEFJ-E2,U5,HTSOP-J8_ROM-M,C2924218,1
CG0603MLC-05E,"RV1,RV2,RV3",VARC1608X56N,C840634,3
CH340E,U2,MSOP-10_3x3mm_P0.5mm,C99652,1
Conn_01x02,IN1,AMASS_XT30PW-M_1x02_P2.50mm_Horizontal,C431092,1
LED,D12,LED_0603_1608Metric_Pad1.05x0.95mm_HandSolder,C2286,1
LED,"D10,D11,D3,D4,D5,D6,D7,D8,D9",LED_0603_1608Metric_Pad1.05x0.95mm_HandSolder,C2290,9
MCP2562FD-H/SN,U6,SOIC8-N_MC_MCH-L,C191415,1
MF-MSMF050-2,F2,FUSE_F050-2,C17313,1
MH2029-300Y,L1,IND_BOURNS_MH2029,C840593,1
MPM3610GQV-Z,U1,QFN3p0x5p0x1p6_MPM3610_MNP,C5183856,1
MSS1P3L-M3/89A,D1,DIODE_MSP3V3,C144285,1
MU00525-32.768K,X1,XTAL_MU00525_NDK,C528987,1
NX2016SA-24M-EXS00A-CS08891,XTAL2,NX2016SA_NDK,C6134314,1
SS1P3L-M3/84A,D13,DIODE_SS1P3L-M3&slash_84A_VIS-M,C2875475,1
STM32H503CBTx,U7,LQFP-48_7x7mm_P0.5mm,C17700273,1
TPS2117DRLR,U4,SOTFL50P160X60-8N,C22399676,1
ZX62-B-5PA_33_,J3,HRS_ZX62-B-5PA_33_,C132561,1
UD-1,TP2,TestPoint_Pad_1.5x1.5mm,,1
SW_SPDT,SW3,SlideSW,,1
Conn_01x03,GPIO3,CONN3_DF1B-3P_HIR,,1
Conn_01x02,J4,PinHeader_1x02_P2.54mm_Vertical,,1
SolderJumper_3_Open,JP2,SolderJumper-3_P1.3mm_Open_Pad1.0x1.5mm,,1
SolderJumper_3_Open,JP3,SolderJumper-3_P1.3mm_Open_Pad1.0x1.5mm,,1
Conn_01x02,J9,CON2_1X2_U_DF1BZ_HIR,,1
Conn_01x02,J7,CON2_1X2_U_DF1BZ_HIR,,1
LED,D14,LED_D3.0mm,,1
Conn_01x02,J10,CON2_1X2_U_DF1BZ_HIR,,1
SolderJumper_3_Open,JP8,SolderJumper-3_P1.3mm_Open_Pad1.0x1.5mm,,1
ST,TP4,TestPoint_Pad_1.5x1.5mm,,1
LED,D18,LED_D3.0mm,,1
Conn_01x03,GPIO6,CONN3_DF1B-3P_HIR,,1
Conn_01x03,GPIO1,CONN3_DF1B-3P_HIR,,1
MountingHole_Pad,H4,MountingHole_3.2mm_M3_ISO14580_Pad,,1
Conn_01x03,GPIO7,CONN3_DF1B-3P_HIR,,1
Conn_01x03,GPIO5,CONN3_DF1B-3P_HIR,,1
MountingHole_Pad,H1,MountingHole_3.2mm_M3_ISO14580_Pad,,1
MountingHole_Pad,H3,MountingHole_3.2mm_M3_ISO14580_Pad,,1
Conn_01x02,J12,CON2_1X2_U_DF1BZ_HIR,,1
Conn_01x02,J11,CON2_1X2_U_DF1BZ_HIR,,1
Conn_01x05,J5,PinHeader_1x05_P2.54mm_Vertical,,1
Conn_01x03,GPIO9,CONN3_DF1B-3P_HIR,,1
Conn_01x03,GPIO4,CONN3_DF1B-3P_HIR,,1
LED,D17,LED_D3.0mm,,1
Conn_01x03,GPIO2,CONN3_DF1B-3P_HIR,,1
LED,D16,LED_D3.0mm,,1
SolderJumper_3_Open,JP9,SolderJumper-3_P1.3mm_Open_Pad1.0x1.5mm,,1
SolderJumper_3_Open,JP5,SolderJumper-3_P1.3mm_Open_Pad1.0x1.5mm,,1
Conn_01x02,J6,TerminalBlock_MaiXu_MX126-5.0-02P_1x02_P5.00mm,,1
Conn_01x03,GPIO8,CONN3_DF1B-3P_HIR,,1
MountingHole_Pad,H2,MountingHole_3.2mm_M3_ISO14580_Pad,,1
Conn_01x02,J1,CON2_1X2_U_DF1BZ_HIR,,1
SolderJumper_3_Open,JP7,SolderJumper-3_P1.3mm_Open_Pad1.0x1.5mm,,1
SolderJumper_3_Open,JP4,SolderJumper-3_P1.3mm_Open_Pad1.0x1.5mm,,1
UD+1,TP3,TestPoint_Pad_1.5x1.5mm,,1
Conn_01x02,J8,CON2_1X2_U_DF1BZ_HIR,,1
UVB1,TP1,TestPoint_Pad_1.5x1.5mm,,1
Conn_01x02,J2,CON2_1X2_U_DF1BZ_HIR,,1
47µF,C4,CP_Radial_D5.0mm_P2.50mm,,1
SolderJumper_3_Open,JP6,SolderJumper-3_P1.3mm_Open_Pad1.0x1.5mm,,1
SolderJumper_3_Open,JP1,SolderJumper-3_P1.3mm_Open_Pad1.0x1.5mm,,1
SW_Push,NRST,TactSW_6266,,1
