Designator,Val,Package,Mid X,Mid Y,Rotation,Layer
C1,22µF,C_1206_3216Metric_Pad1.33x1.80mm_HandSolder,114.6,-114.0,180.0,top
C10,1µF,C_0603_1608Metric_Pad1.08x0.95mm_HandSolder,120.5,-95.5,180.0,top
C11,1µF,C_0603_1608Metric_Pad1.08x0.95mm_HandSolder,130.25,-87.0,0.0,top
C12,0.1µF,C_0603_1608Metric_Pad1.08x0.95mm_HandSolder,115.6125,-81.25,0.0,top
C13,0.1µF,C_0603_1608Metric_Pad1.08x0.95mm_HandSolder,104.3075,-79.0,90.0,top
C2,0.1µF,C_0603_1608Metric_Pad1.08x0.95mm_HandSolder,119.35,-114.25,0.0,top
C28,6.8pF,C_0603_1608Metric_Pad1.08x0.95mm_HandSolder,135.6375,-109.0,180.0,top
C30,6.8pF,C_0603_1608Metric_Pad1.08x0.95mm_HandSolder,133.75,-106.1375,-90.0,top
C31,0.1µF,C_0603_1608Metric_Pad1.08x0.95mm_HandSolder,177.3875,-93.25,0.0,top
C34,0.1µF,C_0603_1608Metric_Pad1.08x0.95mm_HandSolder,137.0,-96.25,45.0,top
C35,4.7µF,C_0603_1608Metric_Pad1.08x0.95mm_HandSolder,147.75,-92.25,180.0,top
C36,0.1µF,C_0603_1608Metric_Pad1.08x0.95mm_HandSolder,148.5,-106.25,45.0,top
C37,0.1µF,C_0603_1608Metric_Pad1.08x0.95mm_HandSolder,147.89012,-95.39012,135.0,top
C38,0.1µF,C_0603_1608Metric_Pad1.08x0.95mm_HandSolder,138.8875,-91.5,180.0,top
C4,47µF,CP_Radial_D5.0mm_P2.50mm,129.25,-110.25,0.0,top
C40,1µF,C_0603_1608Metric_Pad1.08x0.95mm_HandSolder,130.137499,-104.25,180.0,top
C41,0.1µF,C_0603_1608Metric_Pad1.08x0.95mm_HandSolder,138.25,-106.112501,-90.0,top
C42,5.1pF,C_0603_1608Metric_Pad1.08x0.95mm_HandSolder,130.5,-94.3625,-90.0,top
C43,5.1pF,C_0603_1608Metric_Pad1.08x0.95mm_HandSolder,130.5,-98.0,-90.0,top
C44,2.2µF,C_0603_1608Metric_Pad1.08x0.95mm_HandSolder,145.25,-108.6125,-90.0,top
C45,2.2µF,C_0603_1608Metric_Pad1.08x0.95mm_HandSolder,142.25,-91.5,0.0,top
C5,0.1µF,C_0603_1608Metric_Pad1.08x0.95mm_HandSolder,112.5,-103.5,180.0,top
C6,22µF,C_1206_3216Metric_Pad1.33x1.80mm_HandSolder,112.5375,-106.75,180.0,top
C7,22µF,C_1206_3216Metric_Pad1.33x1.80mm_HandSolder,110.0,-90.0,0.0,top
C8,0.1µF,C_0603_1608Metric_Pad1.08x0.95mm_HandSolder,109.1375,-95.75,180.0,top
C9,22µF,C_1206_3216Metric_Pad1.33x1.80mm_HandSolder,115.5,-90.0,0.0,top
D1,MSS1P3L-M3/89A,DIODE_MSP3V3,107.4,-108.85,180.0,top
D10,LED,LED_0603_1608Metric_Pad1.05x0.95mm_HandSolder,131.775,-119.0,180.0,top
D11,LED,LED_0603_1608Metric_Pad1.05x0.95mm_HandSolder,120.025,-119.05,180.0,top
D12,LED,LED_0603_1608Metric_Pad1.05x0.95mm_HandSolder,111.875,-135.9,180.0,top
D13,SS1P3L-M3/84A,DIODE_SS1P3L-M3&slash_84A_VIS-M,102.5526,-108.85,180.0,top
D14,LED,LED_D3.0mm,157.48,-100.25,0.0,top
D16,LED,LED_D3.0mm,173.23,-100.25,180.0,top
D17,LED,LED_D3.0mm,162.73,-100.25,0.0,top
D18,LED,LED_D3.0mm,167.98,-100.25,180.0,top
D3,LED,LED_0603_1608Metric_Pad1.05x0.95mm_HandSolder,180.65,-92.05,-90.0,top
D4,LED,LED_0603_1608Metric_Pad1.05x0.95mm_HandSolder,180.7,-104.025,-90.0,top
D5,LED,LED_0603_1608Metric_Pad1.05x0.95mm_HandSolder,190.3,-118.95,180.0,top
D6,LED,LED_0603_1608Metric_Pad1.05x0.95mm_HandSolder,178.575,-118.95,180.0,top
D7,LED,LED_0603_1608Metric_Pad1.05x0.95mm_HandSolder,166.725,-119.0,180.0,top
D8,LED,LED_0603_1608Metric_Pad1.05x0.95mm_HandSolder,154.875,-119.0,180.0,top
D9,LED,LED_0603_1608Metric_Pad1.05x0.95mm_HandSolder,143.1375,-119.0,180.0,top
F2,MF-MSMF050-2,FUSE_F050-2,103.8455,-92.0,0.0,top
GPIO1,Conn_01x03,CONN3_DF1B-3P_HIR,115.7,-124.05,0.0,top
GPIO2,Conn_01x03,CONN3_DF1B-3P_HIR,127.6,-124.1,0.0,top
GPIO3,Conn_01x03,CONN3_DF1B-3P_HIR,139.4,-124.05,0.0,top
GPIO4,Conn_01x03,CONN3_DF1B-3P_HIR,151.15,-124.05,0.0,top
GPIO5,Conn_01x03,CONN3_DF1B-3P_HIR,162.95,-124.05,0.0,top
GPIO6,Conn_01x03,CONN3_DF1B-3P_HIR,174.75,-124.05,0.0,top
GPIO7,Conn_01x03,CONN3_DF1B-3P_HIR,186.65,-123.9,0.0,top
GPIO8,Conn_01x03,CONN3_DF1B-3P_HIR,185.9,-107.8,90.0,top
GPIO9,Conn_01x03,CONN3_DF1B-3P_HIR,186.0,-96.0834,90.0,top
H1,MountingHole_Pad,MountingHole_3.2mm_M3_ISO14580_Pad,96.5,-66.5,0.0,top
H2,MountingHole_Pad,MountingHole_3.2mm_M3_ISO14580_Pad,189.5,-66.5,0.0,top
H3,MountingHole_Pad,MountingHole_3.2mm_M3_ISO14580_Pad,96.65,-136.25,0.0,top
H4,MountingHole_Pad,MountingHole_3.2mm_M3_ISO14580_Pad,189.5,-136.5,0.0,top
IN1,Conn_01x02,AMASS_XT30PW-M_1x02_P2.50mm_Horizontal,102.525,-120.2,90.0,top
J1,Conn_01x02,CON2_1X2_U_DF1BZ_HIR,108.0966,-68.5821,0.0,top
J10,Conn_01x02,CON2_1X2_U_DF1BZ_HIR,144.7102,-68.5821,0.0,top
J11,Conn_01x02,CON2_1X2_U_DF1BZ_HIR,153.8636,-68.5821,0.0,top
J12,Conn_01x02,CON2_1X2_U_DF1BZ_HIR,163.017,-68.5821,0.0,top
J2,Conn_01x02,CON2_1X2_U_DF1BZ_HIR,96.25,-107.9,90.0,top
J3,ZX62-B-5PA_33_,HRS_ZX62-B-5PA_33_,97.2,-94.1,-90.0,top
J4,Conn_01x02,PinHeader_1x02_P2.54mm_Vertical,108.2875,-75.75,-90.0,top
J5,Conn_01x05,PinHeader_1x05_P2.54mm_Vertical,141.75,-87.5,-90.0,top
J6,Conn_01x02,TerminalBlock_MaiXu_MX126-5.0-02P_1x02_P5.00mm,98.0,-82.25,90.0,top
J7,Conn_01x02,CON2_1X2_U_DF1BZ_HIR,117.25,-68.5821,0.0,top
J8,Conn_01x02,CON2_1X2_U_DF1BZ_HIR,126.4034,-68.5821,0.0,top
J9,Conn_01x02,CON2_1X2_U_DF1BZ_HIR,135.5568,-68.5821,0.0,top
JP1,SolderJumper_3_Open,SolderJumper-3_P1.3mm_Open_Pad1.0x1.5mm,115.7,-129.0,0.0,top
JP2,SolderJumper_3_Open,SolderJumper-3_P1.3mm_Open_Pad1.0x1.5mm,127.6,-128.9,0.0,top
JP3,SolderJumper_3_Open,SolderJumper-3_P1.3mm_Open_Pad1.0x1.5mm,139.4,-129.0,0.0,top
JP4,SolderJumper_3_Open,SolderJumper-3_P1.3mm_Open_Pad1.0x1.5mm,151.15,-128.85,0.0,top
JP5,SolderJumper_3_Open,SolderJumper-3_P1.3mm_Open_Pad1.0x1.5mm,162.95,-128.95,0.0,top
JP6,SolderJumper_3_Open,SolderJumper-3_P1.3mm_Open_Pad1.0x1.5mm,174.75,-129.05,0.0,top
JP7,SolderJumper_3_Open,SolderJumper-3_P1.3mm_Open_Pad1.0x1.5mm,186.65,-128.75,0.0,top
JP8,SolderJumper_3_Open,SolderJumper-3_P1.3mm_Open_Pad1.0x1.5mm,191.1,-107.8,90.0,top
JP9,SolderJumper_3_Open,SolderJumper-3_P1.3mm_Open_Pad1.0x1.5mm,190.95,-96.1,90.0,top
L1,MH2029-300Y,IND_BOURNS_MH2029,101.666,-105.65,180.0,top
NRST,SW_Push,TactSW_6266,188.6,-80.0,90.0,top
R1,100k,RES_R0603_ROM-L,121.0,-111.5,0.0,top
R10,330,R_0603_1608Metric_Pad0.98x0.95mm_HandSolder,170.95,-118.95,180.0,top
R11,330,R_0603_1608Metric_Pad0.98x0.95mm_HandSolder,182.8375,-118.95,180.0,top
R12,330,R_0603_1608Metric_Pad0.98x0.95mm_HandSolder,180.7,-111.575,-90.0,top
R13,330,R_0603_1608Metric_Pad0.98x0.95mm_HandSolder,180.7,-100.1125,-90.0,top
R14,1K,R_0603_1608Metric_Pad0.98x0.95mm_HandSolder,180.65,-95.925,-90.0,top
R15,1K,R_0603_1608Metric_Pad0.98x0.95mm_HandSolder,180.7,-107.7375,-90.0,top
R16,1K,R_0603_1608Metric_Pad0.98x0.95mm_HandSolder,186.6125,-118.95,180.0,top
R17,1K,R_0603_1608Metric_Pad0.98x0.95mm_HandSolder,174.8125,-118.95,180.0,top
R18,1K,R_0603_1608Metric_Pad0.98x0.95mm_HandSolder,163.0125,-119.0,180.0,top
R19,1K,R_0603_1608Metric_Pad0.98x0.95mm_HandSolder,151.0875,-119.0,180.0,top
R2,33,R_0603_1608Metric_Pad0.98x0.95mm_HandSolder,152.5875,-95.0,0.0,top
R20,1K,R_0603_1608Metric_Pad0.98x0.95mm_HandSolder,139.5375,-119.0,180.0,top
R21,1K,R_0603_1608Metric_Pad0.98x0.95mm_HandSolder,127.975,-119.0,180.0,top
R22,1K,R_0603_1608Metric_Pad0.98x0.95mm_HandSolder,116.1125,-119.05,180.0,top
R23,1K,R_0603_1608Metric_Pad0.98x0.95mm_HandSolder,107.7875,-135.9,0.0,top
R26,100k,RES_R0603_ROM-L,121.25,-109.65,180.0,top
R27,19.1K_0.1%,R_0603_1608Metric_Pad0.98x0.95mm_HandSolder,121.75,-105.3,0.0,top
R28,100K_1%,RES_R0603_ROM-L,121.6,-107.3,0.0,top
R29,10k,R_0603_1608Metric_Pad0.98x0.95mm_HandSolder,109.25,-93.75,0.0,top
R3,33,R_0603_1608Metric_Pad0.98x0.95mm_HandSolder,152.5875,-96.75,180.0,top
R30,100k,RES_R0603_ROM-M,118.5007,-102.0,0.0,top
R31,150k,R_0805_2012Metric_Pad1.20x1.40mm_HandSolder,118.5014,-99.75,180.0,top
R32,100k,RES_R0603_ROM-M,127.5,-99.0,0.0,top
R33,1k,R_0603_1608Metric_Pad0.98x0.95mm_HandSolder,157.8375,-95.65,0.0,top
R34,1k,R_0603_1608Metric_Pad0.98x0.95mm_HandSolder,162.8875,-95.65,0.0,top
R35,10k,R_0603_1608Metric_Pad0.98x0.95mm_HandSolder,176.8075,-71.0,0.0,top
R37,1k,R_0603_1608Metric_Pad0.98x0.95mm_HandSolder,173.2875,-95.55,180.0,top
R38,120,R_0603_1608Metric_Pad0.98x0.95mm_HandSolder,102.645,-75.75,0.0,top
R39,200k,R_0805_2012Metric_Pad1.20x1.40mm_HandSolder,104.3075,-84.75,-90.0,top
R40,1k,R_0603_1608Metric_Pad0.98x0.95mm_HandSolder,167.98,-95.55,180.0,top
R5,330,R_0603_1608Metric_Pad0.98x0.95mm_HandSolder,112.2625,-119.05,180.0,top
R6,330,R_0603_1608Metric_Pad0.98x0.95mm_HandSolder,124.0875,-119.0,180.0,top
R7,330,R_0603_1608Metric_Pad0.98x0.95mm_HandSolder,135.9375,-119.0,180.0,top
R8,330,R_0603_1608Metric_Pad0.98x0.95mm_HandSolder,147.3375,-119.0,180.0,top
R9,330,R_0603_1608Metric_Pad0.98x0.95mm_HandSolder,159.35,-119.0,180.0,top
RV1,CG0603MLC-05E,VARC1608X56N,101.75,-96.53,-90.0,top
RV2,CG0603MLC-05E,VARC1608X56N,104.55,-96.5,-90.0,top
RV3,CG0603MLC-05E,VARC1608X56N,101.75,-100.28,90.0,top
SW3,SW_SPDT,SlideSW,177.0,-65.75,0.0,top
TP1,UVB1,TestPoint_Pad_1.5x1.5mm,95.75,-101.9,0.0,top
TP2,UD-1,TestPoint_Pad_1.5x1.5mm,104.0,-88.5,0.0,top
TP3,UD+1,TestPoint_Pad_1.5x1.5mm,104.25,-100.25,0.0,top
TP4,ST,TestPoint_Pad_1.5x1.5mm,117.25,-95.25,0.0,top
U1,MPM3610GQV-Z,QFN3p0x5p0x1p6_MPM3610_MNP,117.50415,-107.48655,180.0,top
U2,CH340E,MSOP-10_3x3mm_P0.5mm,109.1,-99.25,0.0,top
U4,TPS2117DRLR,SOTFL50P160X60-8N,123.935,-100.05,180.0,top
U5,BD33IC0WEFJ-E2,HTSOP-J8_ROM-M,125.345,-90.7822,-90.0,top
U6,MCP2562FD-H/SN,SOIC8-N_MC_MCH-L,108.8075,-81.75,180.0,top
U7,STM32H503CBTx,LQFP-48_7x7mm_P0.5mm,142.9125,-100.5,270.0,top
X1,MU00525-32.768K,XTAL_MU00525_NDK,132.75,-97.6724,-90.0,top
XTAL2,NX2016SA-24M-EXS00A-CS08891,NX2016SA_NDK,135.9285,-106.1263,0.0,top
